genus,RA,tax_id
BORDETELLA,0.3665339999999999,517
CLOSTRIDIUM,0.290837,1485
ACHROMOBACTER,0.1474099999999999,222
ROSEBURIA,0.087649,841
BACTEROIDES,0.061531,816
BACTEROIDES,0.01815,909656
RUMINICLOSTRIDIUM,0.007968,35829
PARABACTEROIDES,0.005504,375288
CLOSTRIDIUM,0.003984,2304691
DESULFOVIBRIO,0.003984,2582840
BUTYRIVIBRIO,0.003984,830
PARABACTEROIDES,0.002464,1918540
