Stat,H,P
AD_Tidy,29.669185360094474,5.715117373400621e-06
Sens_Tidy,7.055591314294873,0.13297948031797943
FPRA_Tidy,17.239749352055348,0.0017362226109084878
