Stat,H,P
AD_Tidy_NF,25.919008264462803,3.285707195001168e-05
Sens_Tidy_NF,7.0620967015817,0.13264286154527574
FPRA_Tidy_NF,17.886027361307054,0.0012990221124743755
