genus,EG,tax_id
ACHROMOBACTER,0.044568,222
ACINETOBACTER,0.1381194,469
AEROMONAS,0.000182,642
ENTEROCOCCUS,0.2695806,1350
ESCHERICHIA,0.333594,561
KLEBSIELLA,0.1097532,570
LEGIONELLA,0.0028026,445
LISTERIA,0.17664860000000002,1637
NEISSERIA,0.18959579999999998,482
SALMONELLA,0.1476344,590
STAPHYLOCOCCUS,0.21458539999999998,1279
STREPTOCOCCUS,0.18720420000000002,1301
VIBRIO,0.185732,662
