genus,Mix-A,tax_id
ACHROMOBACTER,0.0,222
ACINETOBACTER,0.045484,469
AEROMONAS,0.0045512,642
ENTEROCOCCUS,0.0003386,1350
ESCHERICHIA,0.6287174,561
KLEBSIELLA,0.042416999999999996,570
LEGIONELLA,0.011698599999999998,445
LISTERIA,0.0,1637
NEISSERIA,0.6295446,482
SALMONELLA,0.046894,590
STAPHYLOCOCCUS,0.5900276,1279
STREPTOCOCCUS,0.0,1301
VIBRIO,0.00032680000000000003,662
