genus,RA,tax_id
HALOMONAS,0.3692082487753855,2745
MARINOBACTER,0.2062653221876085,2742
MURICAUDA,0.1803109035791449,111500
PSYCHROBACTER,0.1111282273531431,497
COHAESIBACTER,0.0707015823241948,655352
THIOCLAVA,0.03153435451694,285107
MICROMONOSPORA,0.01921074280549511,1873
PROPIONIBACTERIACEAE,0.0116406184580876,185283
