genus,SRR11487935,tax_id
BIFIDOBACTERIUM,0.4101253077550704,1678
ESCHERICHIA,0.16811723847073684,561
PARABACTEROIDES,0.1305167425906467,375288
PREVOTELLA,0.12226466884992784,838
BACTEROIDES,0.10768951125788725,816
CLOSTRIDIUM,0.028954250568536326,1485
COLLINSELLA,0.008115236977786492,102106
ROSEBURIA,0.006880642601777448,841
ANAEROSTIPES,0.006599820886804341,207244
ALISTIPES,0.006224030373676692,239759
ANAEROBUTYRICUM,0.00451254966714968,2569097
