genus,SRR11487933,tax_id
BIFIDOBACTERIUM,0.40673196474597295,1678
ESCHERICHIA,0.16930072305230273,561
PARABACTEROIDES,0.13123771581158006,375288
PREVOTELLA,0.12170309467201536,838
BACTEROIDES,0.10997759139640177,816
CLOSTRIDIUM,0.02652313736769795,1485
COLLINSELLA,0.009041978648078847,102106
ROSEBURIA,0.007581390557379591,841
ALISTIPES,0.006701161840708181,239759
ANAEROSTIPES,0.006646083798181813,207244
ANAEROBUTYRICUM,0.004555158109680782,2569097
