genus,SRR11487931,tax_id
BIFIDOBACTERIUM,0.42032363450740173,1678
ESCHERICHIA,0.17647779479326187,561
PARABACTEROIDES,0.12657172026544156,375288
PREVOTELLA,0.11524144971924452,838
BACTEROIDES,0.10387748851454824,816
CLOSTRIDIUM,0.021368044920877998,1485
COLLINSELLA,0.01060847371107708,102106
ALISTIPES,0.007897907095456866,239759
ROSEBURIA,0.007222052067381317,841
ANAEROSTIPES,0.006287901990811639,207244
ANAEROBUTYRICUM,0.004123532414497193,2569097
