genus,SRR11487932,tax_id
BIFIDOBACTERIUM,0.41671285253083223,1678
ESCHERICHIA,0.17927770411855426,561
PARABACTEROIDES,0.1294245292359072,375288
PREVOTELLA,0.11381217612481717,838
BACTEROIDES,0.10367476169625113,816
CLOSTRIDIUM,0.01963179914609737,1485
COLLINSELLA,0.010570183630913194,102106
ALISTIPES,0.009360675364919361,239759
ROSEBURIA,0.007088637052596768,841
ANAEROSTIPES,0.006383345734620617,207244
ANAEROBUTYRICUM,0.004063335364490674,2569097
