genus,SRR11487934,tax_id
BIFIDOBACTERIUM,0.40902861741062674,1678
ESCHERICHIA,0.1777855614012156,561
PARABACTEROIDES,0.13040303738317757,375288
PREVOTELLA,0.11567360793412194,838
BACTEROIDES,0.10777175511404484,816
CLOSTRIDIUM,0.024502075027775964,1485
COLLINSELLA,0.010493595189856873,102106
ALISTIPES,0.007739485981308411,239759
ROSEBURIA,0.006465059473237044,841
ANAEROSTIPES,0.00612807169466048,207244
ANAEROBUTYRICUM,0.004009133389974512,2569097
