genus,RA,genus_lineage
HALOMONAS,0.413519,2745
MURICAUDA,0.2468928,111500
MARINOBACTER,0.22052139999999998,2742
COHAESIBACTER,0.0638307,655352
THIOCLAVA,0.0312240999999999,285107
MICROMONOSPORA,0.0122312999999999,1873
PONTICOCCUS,0.0117807,2896773
