genus,RA,genus_lineage
BIFIDOBACTERIUM,0.2112938,1678
PREVOTELLA,0.1289539,838
ROSEBURIA,0.08264189999999991,841
BACTEROIDES,0.0801895,816
AKKERMANSIA,0.0714085,239934
ALISTIPES,0.0514327,239759
ANAEROSTIPES,0.0457061,207244
RUMINOCOCCUS,0.0425676,1263
COLLINSELLA,0.0424242,102106
FAECALIBACTERIUM,0.041575,216851
ESCHERICHIA,0.040719,561
PARABACTEROIDES,0.0401132,375288
ANAEROBUTYRICUM,0.0382736,2569097
LACTOBACILLUS,0.0379269,1578
BLAUTIA,0.0354381,572511
CLOSTRIDIUM,0.0093359,1485
