,count,count,count,count,count,mean,mean,mean,mean,mean,std,std,std,std,std
Pipeline,biobakery3,biobakery4,jams,wgsa2,woltka,biobakery3,biobakery4,jams,wgsa2,woltka,biobakery3,biobakery4,jams,wgsa2,woltka
Source,,,,,,,,,,,,,,,
Amos HiLo,5.0,5.0,5.0,5.0,5.0,0.00954,0.0,3.2694,4.06548,22.23968,0.021332088505347995,0.0,0.1154184127425082,0.09675984187667938,0.20599831795429846
Amos Mixed,5.0,5.0,5.0,5.0,5.0,3.8641199999999998,0.0,9.75528,14.06352,27.3918,0.22068109796717983,0.0,1.4319707528437857,0.11500611722860656,0.30740995429556395
Tourlousse,6.0,6.0,6.0,6.0,6.0,12.225050000000001,4.716616666666667,9.789316666666666,20.190933333333334,26.144283333333334,0.1429758825816441,0.037888437110372764,0.22282946319251978,0.09390733020732006,0.248611579912656
