SampleID,Pipeline,R^2,MAE,Aitchison
S1,bio4,0.9944811642391372,0.00024445239361702085,5.68850280941205
S1,jams,0.9575157120164146,0.0005934006491634706,19.340089457513493
S1,wgsa,0.7889104541299519,0.0007748887952280343,53.7531525974017
S1,woltka,0.7895169012694198,0.0013970555711439638,13.501200612942032
S2,bio4,0.9677316122926398,0.00039614734042553185,2.3894999383505398
S2,jams,0.9564363079308109,0.0006052113003129643,18.16046536337451
S2,wgsa,0.7444415362007921,0.0010783237572248076,64.11852435171018
S2,woltka,0.7759761048358552,0.0016974654558576468,13.412751679817696
