SampleID,Pipeline,R^2,MAE,Aitchison
s1,bio4,0.995756629281014,0.004569622222222244,1.113530761731069
s1,jams,0.9992572055239778,0.0018029449334660771,1.9864130845415424
s1,wgsa,0.9996427290691118,0.00043468032786885436,2.6270838913515018
s1,woltka,0.9595003852945925,0.0025871891162995175,3.4266874092660013
s2,bio4,0.9660819655619187,0.007736711111111106,0.4142579092136283
s2,jams,0.9564425662233172,0.013115045808468662,0.8966230697832787
s2,wgsa,0.9764683423304286,0.0015899901960784296,3.0414120086730376
s2,woltka,0.788909591898023,0.007181898993323963,2.274496525112974
