SampleID,Pipeline,R^2,MAE,Aitchison
S1,bio4,0.9939490097995706,0.002351876020838572,3.8408211999675905
S1,jams,0.9466468788820365,0.0044581017184704246,10.753665401204188
S1,wgsa,0.7638584468429683,0.005763684851159312,9.372449882920684
S1,woltka,0.7717005249033246,0.005272779702617987,20.662915782465767
S2,bio4,0.9609926449558404,0.0066180697100460045,1.538232721020171
S2,jams,0.9478297226407879,0.007654016693134004,6.2315610946675175
S2,wgsa,0.7192875976102946,0.008439275793472421,7.447220701827163
S2,woltka,0.7678399467349118,0.0052913030819438005,21.138956631821404
