SampleID,Pipeline,R^2,MAE,Aitchison
s1,bio4,0.995756629281014,0.004569622222222243,1.4839316943239718
s1,jams,0.9995686967375269,0.0013564862740661709,15.343465451772705
s1,wgsa,0.9996427290691118,0.00043468032786885436,5.401302547201095
s1,woltka,0.9595003852945925,0.0025871891162995175,33.17455157145975
s2,bio4,0.9660819655619187,0.007736711111111106,0.44020358502092977
s2,jams,0.9582599447693045,0.012507676902384697,12.434097746207435
s2,wgsa,0.9764683423304286,0.0015899901960784296,3.6435464981286487
s2,woltka,0.788909591898023,0.007181898993323963,30.31441128888219
