SampleID,Pipeline,R^2,MAE,Aitchison
s1,bio4,0.995754804016655,0.004569622222222243,1.4839316943239718
s1,jams,0.9996022907685261,0.0017955301388452197,15.343465451772705
s1,wgsa,0.999678996912582,0.00045599180327869046,5.401302547201095
s1,woltka,0.9595038727956001,0.0033037985261028906,33.17455157145975
s2,bio4,0.9659029046212801,0.007736711111111106,0.44020358502092977
s2,jams,0.957982484909563,0.01296701153462923,12.434097746207435
s2,wgsa,0.9764117797171865,0.0015782254901960766,3.6435464981286487
s2,woltka,0.7892756449308747,0.007933142186115695,30.31441128888219
