SampleID,Pipeline,R^2,MAE,Aitchison
S1,bio4,0.9944811642391372,0.00024445239361702085,8.8334111093871
S1,jams,0.9575157120164146,0.0005934006491634706,15.201975891993557
S1,wgsa,0.7889104541299521,0.0007748887952280343,37.352277750397874
S1,woltka,0.7895169012694199,0.0013970555711439638,21.283129898364262
S2,bio4,0.9677316122926397,0.00039614734042553185,5.914492643866372
S2,jams,0.9564363079308109,0.0006052113003129643,13.035958451945966
S2,wgsa,0.7444415362007923,0.0010783237572248076,39.202104663439655
S2,woltka,0.7759761048358556,0.0016974654558576468,26.725176439435234
