SampleID,Source/Pipeline,R^2,MAE,AD,1-BC,RMSE
S1,bio4,0.9944811642391372,0.00024445239361702085,5.68850280941205,0.9539386186682145,0.0016989204847443695
S1,jams,0.9575157120164146,0.0005934006491634706,19.340089457513493,0.8863380786227991,0.0036903164211731796
S1,wgsa,0.7889104541299519,0.0007748887952280343,53.7531525974017,0.8399261758545525,0.00846992901625052
S1,woltka,0.7895169012694198,0.0013970555711439638,13.501200612942032,0.7257301884199587,0.008203259285830279
S2,bio4,0.9677316122926398,0.00039614734042553185,2.3894999383505398,0.925402497197424,0.004463704514189982
S2,jams,0.9564363079308109,0.0006052113003129643,18.16046536337451,0.8856403264615295,0.004667290235014888
S2,wgsa,0.7444415362007921,0.0010783237572248076,64.11852435171018,0.7741910405333402,0.01217531251925511
S2,woltka,0.7759761048358552,0.0016974654558576468,13.412751679817696,0.6719512955498426,0.010586565017766465
