SampleID,Pipeline,R^2,MAE,Aitchison
S1,bio4,0.9947649029329241,0.0019317232558139497,1.761827436357633
S1,jams,0.9546312236762499,0.0030859506483156608,3.466040159207044
S1,wgsa,0.7872420786261877,0.0012130349344978146,3.4850417586518985
S1,woltka,0.8398126987152348,0.009241045113098343,4.3214440896314334
S2,bio4,0.9647242432220655,0.0034066837209302324,0.8832416130112779
S2,jams,0.9488801022840595,0.006909732778677331,1.6495042552806523
S2,wgsa,0.7406923807199813,0.0021772702702702704,3.822920205873889
S2,woltka,0.7520623392543735,0.016919117982425746,7.638440175870259
