SampleID,Pipeline,R^2,MAE,Aitchison
S1,bio4,0.9939948193405462,0.002447657228207362,3.685462619315987
S1,jams,0.9428835895848839,0.006210589166894997,9.003810416438688
S1,wgsa,0.742147144502731,0.009212165176725122,7.014647513687914
S1,woltka,0.752022124268098,0.010593533321591611,13.768688079672122
S2,bio4,0.9606358181055893,0.006907942288717259,0.9577281881730484
S2,jams,0.9430935812392893,0.010665510795388135,2.984704191967793
S2,wgsa,0.6846663967725475,0.016218881975166802,3.2232986944230277
S2,woltka,0.7319010756996808,0.021455479928238513,9.927553846343823
