SampleID,Pipeline,R^2,MAE,Aitchison
S1,bio4,0.9944935705609586,0.00232119459459459,2.6123872207166583
S1,jams,0.9434676479508203,0.006441213781834208,5.122654717285167
S1,wgsa,0.7404260175426409,0.007359479233160845,3.6741507899453723
S1,woltka,0.8385558706100076,0.009345113323073567,9.230564672329448
S2,bio4,0.9601388725200086,0.007103100000000001,0.9189217571210846
S2,jams,0.9407667524942008,0.011915498857680068,1.806759373044424
S2,wgsa,0.6789839326871772,0.016697781967813994,2.7131637287401618
S2,woltka,0.7378808790581666,0.02334369110331659,7.450724355237431
