Genus,RA
Bordetella,0.3665339999999999
Clostridium,0.2908369999999999
Achromobacter,0.1474099999999999
Roseburia,0.087649
Bacteroides,0.079681
Ruminiclostridium,0.0119519999999999
Parabacteroides,0.007968
Butyrivibrio,0.003984
Desulfovibrio,0.003984
