genus,RA,genus_lineage
KLEBSIELLA,0.4037679,570
SALMONELLA,0.3677765,590
ACINETOBACTER,0.0989896999999999,469
ESCHERICHIA,0.0443675999999999,561
STREPTOCOCCUS,0.0402455,1301
ACHROMOBACTER,0.0324075999999999,222
LEGIONELLA,0.0092229,445
AEROMONAS,0.0032224,642
STAPHYLOCOCCUS,0.0,1279
ENTEROCOCCUS,0.0,1350
LISTERIA,0.0,1637
NEISSERIA,0.0,482
VIBRIO,0.0,662
