genus,SRR11487935,tax_id
AKKERMANSIA,0.0009369,239934
ALISTIPES,0.000118,239759
ANAEROSTIPES,0.0149556,207244
BACTEROIDES,0.0879288,816
BIFIDOBACTERIUM,0.3722997,1678
BLAUTIA,0.0002274,572511
CLOSTRIDIUM,0.019704600000000003,1485
COLLINSELLA,0.0166113,102106
ESCHERICHIA,0.159499,561
EUBACTERIUM,0.0118361,1730
FAECALIBACTERIUM,0.0003902,216851
LACTOBACILLUS,0.0,1578
PARABACTEROIDES,0.13329470000000002,375288
PREVOTELLA,0.16670739999999998,838
ROSEBURIA,0.0154902,841
