genus,s1
Cohaesibacter,0.19362110000000002
Halomonas,0.0004006
Micromonospora,0.036742699999999996
Muricauda,0.7486824
Thioclava,0.0205531
