genus,s1,TAX_ID
Cohaesibacter,0.19362110000000002,655352
Halomonas,0.0004006,2745
Micromonospora,0.036742699999999996,1873
Muricauda,0.7486824,111500
Thioclava,0.0205531,285107
