genus,S1,tax_id
COHAESIBACTER,0.0638307,655352
HALOMONAS,0.413519,2745
MARINOBACTER,0.2205214,2742
MICROMONOSPORA,0.012231299999999999,1873
MURICAUDA,0.2468928,111500
PONTICOCCUS,0.0117807,983507
THIOCLAVA,0.031224099999999998,285107
