species,s1,TAX_ID
Cohaesibacter_sp_ES_047,0.19362110000000002,1798205
Halomonas_sp_HL_48,0.0004006,1479235
Micromonospora_echinaurantiaca,0.016624,47857
Micromonospora_echinofusca,0.0201187,47858
Muricauda_lutimaris,0.005349199999999999,475082
Muricauda_sp_ES_050,0.7433332,1798204
Thioclava_sediminum,0.0205531,1915319
