species,S1,tax_id
COHAESIBACTER_SP._ES-047,0.0638307,1798205
HALOMONAS_SP._HL-93,0.413519,1666906
MARINOBACTER_SP._AC-23,2.7e-06,1879031
MARINOBACTER_SP._LV10MA510-1,0.0530338,1415567
MARINOBACTER_SP._LV10R510-11A,0.1674849,1415568
MICROMONOSPORA_ECHINAURANTIACA,0.005405,47857
MICROMONOSPORA_ECHINOFUSCA,0.0068262999999999996,47858
MURICAUDA_SP._ES-050,0.2468928,1798204
PONTICOCCUS_GILVUS,0.0117807,2016499
THIOCLAVA_SP._ES-032,0.031224099999999998,1798206
