genus,1,tax_id
COHAESIBACTER,0.2040072,655352
HALOMONAS,0.0005702,2745
MARINOBACTER,2.3e-06,2742
MICROMONOSPORA,0.0379317,1873
MURICAUDA,0.7292304000000001,111500
THIOCLAVA,0.0282582,285107
