genus,TAX,tax_id
COHAESIBACTER,0.19362110000000002,655352
HALOMONAS,0.0004006,2745
MICROMONOSPORA,0.036742699999999996,1873
MURICAUDA,0.7486824,111500
THIOCLAVA,0.0205531,285107
