species,TAX,tax_id
COHAESIBACTER_SP._ES-047,0.19362110000000002,1798205
HALOMONAS_SP._HL-48,0.0004006,1479235
MICROMONOSPORA_ECHINAURANTIACA,0.016624,47857
MICROMONOSPORA_ECHINOFUSCA,0.0201187,47858
MURICAUDA_LUTIMARIS,0.005349199999999999,475082
MURICAUDA_SP._ES-050,0.7433332,1798204
THIOCLAVA_SEDIMINUM,0.0205531,1915319
