Genus,RA,tax_id
Halomonas,0.3692082487753856,2745
Marinobacter,0.2062653221876086,2742
Muricauda,0.18031090357914492,111500
Psychrobacter,0.11112822735314315,497
Cohaesibacter,0.07070158232419482,655352
Thioclava,0.03153435451694007,285107
Micromonospora,0.019210742805495236,1873
Propionibacteriaceae,0.01164061845808764,31957
