SampleID,Pipeline,R^2,MAE,Aitchison
s1,biobakery3,6.45926260879337e-05,0.21318721612851654,7.18413187624828
s1,biobakery4,0.0075141936933904585,0.21772237491669816,5.739344392124038
s1,jams,0.9972923283891236,0.005135835960561457,0.18279776780384274
s1,wgsa2,0.8701546360987102,0.03263749999999997,2.334977890888382
s1,woltka,0.6765618411581972,0.1377797111051276,3.7097597522356556
