SampleID,Pipeline,R^2,MAE,Aitchison
S1,biobakery3,0.2222420040069728,0.10258846219122687,16.385556854781207
S1,biobakery4,0.21824526140752087,0.10346445385789355,16.3432799253077
S1,jams,0.07516256288763468,0.09952409541362639,21.85890239724561
S1,wgsa2,0.10065492948109933,0.08859463324322985,22.8257143446754
S1,woltka,0.11937488617462089,0.15636432981118362,18.98833529403626
