SampleID,Pipeline,R^2,MAE,Aitchison
S1,biobakery3,0.2222420040069728,0.10258846219122687,7.861396906121757
S1,biobakery4,0.21824526140752087,0.10346445385789355,7.852148329301965
S1,jams,0.07516256288763468,0.09952409541362639,11.550939478775563
S1,wgsa2,0.10065492948109933,0.08859463324322985,13.41656704840386
S1,woltka,0.11937488617462089,0.15636432981118362,12.113232753588509
