SampleID,Pipeline,R^2,MAE,Aitchison
S1,biobakery3,0.10240431503826197,1.7347553335523405,7.861396906121757
S1,biobakery4,0.10277846463738194,1.7297069538324596,7.852148329301965
S1,jams,0.33767578321856284,2.1594491352230345,11.550939478775563
S1,wgsa2,0.056150733615258464,2.9920492180534333,13.41656704840386
S1,woltka,0.7564963921671384,2.1696102172029184,12.113232753588509
