SampleID,Pipeline,R^2,MAE,Aitchison
S1,biobakery3,0.23329758689169,0.08447404485496521,8.717262563573623
S1,biobakery4,0.23159436782333942,0.08452509619799484,8.647882755384533
S1,jams,8.907864914586838e-06,0.03486171971859063,21.132593964032747
S1,wgsa2,0.012349851377608578,0.011078023356809592,32.00838805391214
S1,woltka,0.000549973810697213,0.015383926508158362,32.45553731633679
