SampleID,Pipeline,R^2,MAE,Aitchison
S1,biobakery3,0.2264862375783182,0.09050651907190563,8.428350997050876
S1,biobakery4,0.22518993634116602,0.09056165132004768,8.31720431408244
S1,jams,0.02717662794123077,0.0682483192418418,15.920536459873174
S1,wgsa2,0.0065580609096367315,0.05365659299353063,19.422726401257048
S1,woltka,0.015159854097207215,0.07407075726150324,16.462332145181435
