SampleID,Pipeline,R^2,MAE,Aitchison
s1,biobakery3,6.45926260879337e-05,0.21318721612851654,11.779292163529057
s1,biobakery4,0.0075141936933904585,0.21772237491669816,6.837848804936615
s1,jams,0.9972923283891236,0.005135835960561457,0.1883901292225321
s1,wgsa2,0.8701546360987101,0.03263749999999997,2.2718993489565342
s1,woltka,0.6765618411581972,0.1377797111051276,6.569568430808323
