SampleID,Pipeline,R^2,MAE,Aitchison
S1,biobakery3,0.72813959917102,0.10791794627738359,1.7408284386691464
S1,biobakery4,0.7126510040320047,0.1080746462773836,1.8296749900908698
S1,jams,3.3078371608485924e-06,0.05716285182993276,10.690445326750986
S1,wgsa2,0.07215609231913234,0.022679256644373685,9.552102266935641
S1,woltka,0.9994517059464528,0.05909033661570227,3.199655756233638
