SampleID,Source/Pipeline,R^2,MAE,AD,1-BC,RMSE
S1,biobakery3,0.2222420040069727,0.10258846219122687,16.385556854781207,0.3731708508290341,0.1789284079135404
S1,biobakery4,0.21824526140752076,0.10346445385789355,16.3432799253077,0.37094019685153135,0.18413700164453042
S1,jams,0.0751625628876349,0.09952409541362639,21.85890239724561,0.19631736238472985,0.1337692440743456
S1,wgsa2,0.10065492948109944,0.08859463324322985,22.8257143446754,0.1553157890273421,0.10897146887314038
S1,woltka,0.11937488617462111,0.15636432981118362,18.98833529403626,4.772490075366509e-05,0.27610887759420166
