SampleID,Pipeline,R^2,MAE,Aitchison
S1,biobakery3,0.6920979516589985,0.1530084194160754,1.4117103616828266
S1,biobakery4,0.6714776833263318,0.1556363944160754,1.4491217200135889
S1,jams,0.05801942645143909,0.09661070258802595,5.990149565645785
S1,wgsa2,0.04128379724610032,0.04716669706184923,5.562642903951417
S1,woltka,,0.8764167347039101,2.220446049250313e-16
