genus,RA,genus_lineage
PREVOTELLA,0.170686,838
BIFIDOBACTERIUM,0.1510697,1678
ROSEBURIA,0.1032789999999999,841
BACTEROIDES,0.0958489,816
COLLINSELLA,0.0852332,102106
AKKERMANSIA,0.0742572,239934
PARABACTEROIDES,0.0528439999999999,375288
ESCHERICHIA,0.0495257,561
ANAEROSTIPES,0.0486401,207244
LACTOBACILLUS,0.0468023,1578
EUBACTERIUM,0.0461366,2569097
FAECALIBACTERIUM,0.0357519,216851
BLAUTIA,0.0333231,572511
CLOSTRIDIUM,0.0058874,1485
ALISTIPES,0.0007151,239759
