genus,RA,genus_lineage
PREVOTELLA,0.1679911,838
BIFIDOBACTERIUM,0.1561933999999999,1678
ROSEBURIA,0.1026775,841
BACTEROIDES,0.09395849999999989,816
COLLINSELLA,0.0792783,102106
AKKERMANSIA,0.0705722999999999,239934
PARABACTEROIDES,0.0524707,375288
ANAEROSTIPES,0.0504425,207244
LACTOBACILLUS,0.0490654,1578
ESCHERICHIA,0.0480332,561
EUBACTERIUM,0.0468977999999999,2569097
FAECALIBACTERIUM,0.0416435,216851
BLAUTIA,0.0338457,572511
CLOSTRIDIUM,0.0061732,1485
ALISTIPES,0.0007568,239759
