genus,RA,genus_lineage
PREVOTELLA,0.1723119999999999,838
BIFIDOBACTERIUM,0.1527386,1678
ROSEBURIA,0.105893,841
BACTEROIDES,0.0942131999999999,816
COLLINSELLA,0.0791098,102106
AKKERMANSIA,0.0696185,239934
ESCHERICHIA,0.0546349999999999,561
PARABACTEROIDES,0.0509347999999999,375288
ANAEROSTIPES,0.0506502,207244
EUBACTERIUM,0.0486123999999999,2569097
LACTOBACILLUS,0.0467939,1578
BLAUTIA,0.0364009,572511
FAECALIBACTERIUM,0.032836,216851
CLOSTRIDIUM,0.0049736,1485
ALISTIPES,0.000278,239759
