genus,SRR11487934,tax_id
AKKERMANSIA,0.0014996,239934
ALISTIPES,5.43e-05,239759
ANAEROSTIPES,0.012487999999999999,207244
BACTEROIDES,0.0863903,816
BIFIDOBACTERIUM,0.3727912,1678
BLAUTIA,0.0001729,572511
CLOSTRIDIUM,0.0163949,1485
COLLINSELLA,0.0185075,102106
ESCHERICHIA,0.1733357,561
EUBACTERIUM,0.010046699999999999,1730
FAECALIBACTERIUM,0.00039,216851
LACTOBACILLUS,0.00047690000000000005,1578
PARABACTEROIDES,0.1364508,375288
PREVOTELLA,0.1560957,838
ROSEBURIA,0.0149054,841
