genus,RA,genus_lineage
BIFIDOBACTERIUM,0.3727912,1678
ESCHERICHIA,0.1733357,561
PREVOTELLA,0.1560957,838
PARABACTEROIDES,0.1364508,375288
BACTEROIDES,0.0863903,816
COLLINSELLA,0.0185075,102106
CLOSTRIDIUM,0.0163949,1485
ROSEBURIA,0.0149053999999999,841
ANAEROSTIPES,0.0124879999999999,207244
EUBACTERIUM,0.0100466999999999,2569097
AKKERMANSIA,0.0014996,239934
LACTOBACILLUS,0.0004769,1578
FAECALIBACTERIUM,0.00039,216851
BLAUTIA,0.0001729,572511
ALISTIPES,5.43e-05,239759
