Genus,RA,tax_id
UNCLASSIFIED,0.17090428353261108,12908
FERVIDOBACTERIUM,0.11900908166868907,2422
SEDIMINISPIROCHAETA,0.11388738366299136,1911556
MEIOTHERMUS,0.08446093762668601,65551
HIRSCHIA,0.08335569799006647,2723
THERMOBACILLUS,0.08116544409112468,76632
DESULFOSCIPIO,0.07111949922477905,2867376
DESULFOSPOROSINUS,0.04783784036712468,79206
FRATEURIA,0.03644601302288679,70411
CORALIOMARGARITA,0.033370390094003215,442430
NATRONOCOCCUS,0.029675692913024913,29287
