Genus,RA,tax_id
BIFIDOBACTERIUM,0.1814,1678
BACTEROIDES,0.1063,816
PREVOTELLA,0.10289999999999999,838
ROSEBURIA,0.08439999999999999,841
ALISTIPES,0.0535,239759
PARABACTEROIDES,0.050499999999999996,375288
AKKERMANSIA,0.0495,239934
COLLINSELLA,0.0435,102106
FAECALIBACTERIUM,0.0364,216851
ANAEROBUTYRICUM,0.0347,2569097
ANAEROSTIPES,0.0292,207244
LACTOBACILLUS,0.023700000000000002,1578
ESCHERICHIA,0.021099999999999997,561
CLOSTRIDIUM,0.011699999999999999,1485
BLAUTIA,0.010700000000000001,572511
