Genus,RA,tax_id
BIFIDOBACTERIUM,0.1858,1678
BACTEROIDES,0.10460000000000001,816
PREVOTELLA,0.1016,838
ROSEBURIA,0.0867,841
ALISTIPES,0.0535,239759
AKKERMANSIA,0.0493,239934
PARABACTEROIDES,0.0492,375288
COLLINSELLA,0.0446,102106
FAECALIBACTERIUM,0.0377,216851
ANAEROBUTYRICUM,0.0345,2569097
ANAEROSTIPES,0.028900000000000002,207244
LACTOBACILLUS,0.022400000000000003,1578
ESCHERICHIA,0.0212,561
BLAUTIA,0.0105,572511
CLOSTRIDIUM,0.0105,1485
