Genus,RA,tax_id
BIFIDOBACTERIUM,0.1844,1678
BACTEROIDES,0.1051,816
PREVOTELLA,0.1012,838
ROSEBURIA,0.085,841
ALISTIPES,0.054299999999999994,239759
AKKERMANSIA,0.0504,239934
PARABACTEROIDES,0.0499,375288
COLLINSELLA,0.0449,102106
FAECALIBACTERIUM,0.037200000000000004,216851
ANAEROBUTYRICUM,0.034,2569097
ANAEROSTIPES,0.0297,207244
LACTOBACILLUS,0.0231,1578
ESCHERICHIA,0.0199,561
CLOSTRIDIUM,0.0115,1485
BLAUTIA,0.0105,572511
