Genus,RA,tax_id
BIFIDOBACTERIUM,0.1843,1678
BACTEROIDES,0.1059,816
PREVOTELLA,0.1016,838
ROSEBURIA,0.0843,841
ALISTIPES,0.054299999999999994,239759
AKKERMANSIA,0.0508,239934
PARABACTEROIDES,0.0501,375288
COLLINSELLA,0.0449,102106
FAECALIBACTERIUM,0.037000000000000005,216851
ANAEROBUTYRICUM,0.0337,2569097
ANAEROSTIPES,0.028999999999999998,207244
LACTOBACILLUS,0.0231,1578
ESCHERICHIA,0.0206,561
CLOSTRIDIUM,0.011000000000000001,1485
BLAUTIA,0.0105,572511
