Genus,RA,tax_id
BIFIDOBACTERIUM,0.18489999999999998,1678
BACTEROIDES,0.1054,816
PREVOTELLA,0.102,838
ROSEBURIA,0.0855,841
ALISTIPES,0.053399999999999996,239759
AKKERMANSIA,0.049800000000000004,239934
PARABACTEROIDES,0.0492,375288
COLLINSELLA,0.044199999999999996,102106
FAECALIBACTERIUM,0.0375,216851
ANAEROBUTYRICUM,0.0352,2569097
ANAEROSTIPES,0.0294,207244
LACTOBACILLUS,0.023,1578
ESCHERICHIA,0.0199,561
CLOSTRIDIUM,0.0113,1485
BLAUTIA,0.0104,572511
